name,img_url
利尻岳,https://upload.wikimedia.org/wikipedia/commons/c/c6/Rishiriislandairplane.jpg
羅臼岳,https://upload.wikimedia.org/wikipedia/commons/8/82/Rausu-dake_02.JPG
斜里岳,https://upload.wikimedia.org/wikipedia/commons/a/a4/140828_Mount_Shari_Hokkaido_Japan01b6s3.jpg
阿寒岳,https://upload.wikimedia.org/wikipedia/commons/8/84/Onneto_and_Akan1_DSCN2488_20060805.JPG
大雪山,https://upload.wikimedia.org/wikipedia/commons/0/04/Ohachidaira_caldera_2006-07-13.jpg
トムラウシ山,https://upload.wikimedia.org/wikipedia/commons/4/4c/%E5%88%9D%E9%9B%AA%E3%81%AE%E3%83%88%E3%83%A0%E3%83%A9%E3%82%A6%E3%82%B7%E5%85%AC%E5%9C%92.jpg
十勝岳,https://upload.wikimedia.org/wikipedia/commons/3/31/Mount_Tokachi_from_Mount_Biei_1998-8-9.jpg
幌尻岳,https://upload.wikimedia.org/wikipedia/commons/4/4e/Mt.Poroshiridake_from_Mt.Tottabetsudake.jpg
後方羊蹄山,https://upload.wikimedia.org/wikipedia/commons/c/c7/Yotei-zan-from-hirafu.jpg
岩木山,https://upload.wikimedia.org/wikipedia/commons/c/cf/Iwakisan_01.jpg
八甲田山,https://upload.wikimedia.org/wikipedia/ja/thumb/f/f5/Hakkouda_suiren_numa.jpg/800px-Hakkouda_suiren_numa.jpg
八幡平,https://upload.wikimedia.org/wikipedia/ja/1/1e/%E5%85%AB%E5%B9%A1%E5%B9%B3.jpg
岩手山,https://upload.wikimedia.org/wikipedia/commons/thumb/b/b3/%E6%98%A5%E5%AD%90%E8%B0%B7%E5%9C%B0%E3%81%8B%E3%82%89%E3%81%AE%E5%B2%A9%E6%89%8B%E5%B1%B1_Mt._Iwate_from_Haruko-Yachi_Marshland_-_panoramio.jpg/800px-%E6%98%A5%E5%AD%90%E8%B0%B7%E5%9C%B0%E3%81%8B%E3%82%89%E3%81%AE%E5%B2%A9%E6%89%8B%E5%B1%B1_Mt._Iwate_from_Haruko-Yachi_Marshland_-_panoramio.jpg
早池峰山,https://upload.wikimedia.org/wikipedia/ja/thumb/3/3a/%E5%88%9D%E5%86%AC%E3%81%AE%E6%97%A9%E6%B1%A0%E5%B3%B0%E5%B1%B1.jpg/800px-%E5%88%9D%E5%86%AC%E3%81%AE%E6%97%A9%E6%B1%A0%E5%B3%B0%E5%B1%B1.jpg
鳥海山,https://upload.wikimedia.org/wikipedia/commons/thumb/2/24/Mount_Ch%C5%8Dkai_%282017-05-19%29_-_Flickr.jpg/800px-Mount_Ch%C5%8Dkai_%282017-05-19%29_-_Flickr.jpg
月山,https://upload.wikimedia.org/wikipedia/commons/thumb/0/06/Gassan_Ridge_2006A.jpg/800px-Gassan_Ridge_2006A.jpg
朝日連峰,https://upload.wikimedia.org/wikipedia/commons/thumb/e/ea/Mt_Oasahi_2.JPG/800px-Mt_Oasahi_2.JPG
蔵王山,https://upload.wikimedia.org/wikipedia/commons/thumb/f/f5/Zao.jpg/750px-Zao.jpg
飯豊連峰,https://upload.wikimedia.org/wikipedia/commons/thumb/0/01/%E6%A2%85%E8%8A%B1%E7%9A%AE%E5%B2%B3%E3%81%8B%E3%82%89%E8%A6%8B%E3%81%9F%E5%8C%97%E8%82%A1%E5%B2%B3.jpg/800px-%E6%A2%85%E8%8A%B1%E7%9A%AE%E5%B2%B3%E3%81%8B%E3%82%89%E8%A6%8B%E3%81%9F%E5%8C%97%E8%82%A1%E5%B2%B3.jpg
吾妻山,https://upload.wikimedia.org/wikipedia/commons/thumb/d/df/Mt.Nishiazuma-yama.JPG/800px-Mt.Nishiazuma-yama.JPG
安達太良山,https://commons.wikimedia.org/wiki/File:Mount_Adatara.JPG#/media/File:Mount_Adatara.JPG
磐梯山,https://upload.wikimedia.org/wikipedia/commons/thumb/6/62/Mt._Bandaisan_0811.JPG/800px-Mt._Bandaisan_0811.JPG
会津駒ヶ岳,https://upload.wikimedia.org/wikipedia/commons/thumb/d/db/Mt._Aizukoma_080713.JPG/800px-Mt._Aizukoma_080713.JPG
那須岳,https://upload.wikimedia.org/wikipedia/commons/thumb/d/dd/Nasu_chausudake.jpg/800px-Nasu_chausudake.jpg
筑波山,https://upload.wikimedia.org/wikipedia/commons/thumb/8/87/Mt.Tsukuba.jpg/800px-Mt.Tsukuba.jpg
燧ヶ岳,https://upload.wikimedia.org/wikipedia/commons/thumb/2/29/Hiuchigatake_080923_4.JPG/800px-Hiuchigatake_080923_4.JPG
至仏山,https://upload.wikimedia.org/wikipedia/commons/thumb/8/86/Mt.shibutsu_and_Ushikubi2.JPG/800px-Mt.shibutsu_and_Ushikubi2.JPG
武尊山,https://upload.wikimedia.org/wikipedia/commons/thumb/f/fa/%E5%89%A3%E3%83%B6%E5%B3%B0%EF%BC%88%E6%AD%A6%E5%B0%8A%E5%B1%B1%EF%BC%89.jpg/800px-%E5%89%A3%E3%83%B6%E5%B3%B0%EF%BC%88%E6%AD%A6%E5%B0%8A%E5%B1%B1%EF%BC%89.jpg
赤城山,https://haijisite.files.wordpress.com/2019/04/img_2883.jpg
男体山,https://upload.wikimedia.org/wikipedia/commons/thumb/e/e4/Mt.Nantai_11.jpg/800px-Mt.Nantai_11.jpg
日光白根山,https://upload.wikimedia.org/wikipedia/commons/thumb/6/64/Mt.Nikk%C5%8D-Shirane.jpg/800px-Mt.Nikk%C5%8D-Shirane.jpg
皇海山,https://upload.wikimedia.org/wikipedia/ja/e/eb/Sukai-01.jpg
越後駒ヶ岳,https://upload.wikimedia.org/wikipedia/commons/thumb/4/48/Mt.Echigo-Komagatake.jpg/800px-Mt.Echigo-Komagatake.jpg
平ヶ岳,https://upload.wikimedia.org/wikipedia/ja/thumb/c/c5/Mt._Hiragatake_0809.JPG/800px-Mt._Hiragatake_0809.JPG
巻機山,https://upload.wikimedia.org/wikipedia/commons/thumb/a/ac/%E5%B7%BB%E6%A9%9F%E5%B1%B1.JPG/800px-%E5%B7%BB%E6%A9%9F%E5%B1%B1.JPG
谷川岳,https://upload.wikimedia.org/wikipedia/ja/thumb/e/e1/Tanigawadake.jpg/800px-Tanigawadake.jpg
苗場山,https://upload.wikimedia.org/wikipedia/commons/thumb/d/d3/Moor_of_Mt._Naeba_in_the_late_autumn_2016.jpg/800px-Moor_of_Mt._Naeba_in_the_late_autumn_2016.jpg
雨飾山,https://upload.wikimedia.org/wikipedia/commons/thumb/e/e6/Mount_Amakazari.jpg/800px-Mount_Amakazari.jpg
妙高山,https://upload.wikimedia.org/wikipedia/commons/thumb/0/0a/%E5%A6%99%E9%AB%98%E5%B1%B1%E3%81%B8%E3%81%AE%E9%81%93_-_panoramio.jpg/800px-%E5%A6%99%E9%AB%98%E5%B1%B1%E3%81%B8%E3%81%AE%E9%81%93_-_panoramio.jpg
火打山,https://upload.wikimedia.org/wikipedia/commons/thumb/f/f9/Hiuchitama_1999-9-4.jpg/800px-Hiuchitama_1999-9-4.jpg
高妻山,https://upload.wikimedia.org/wikipedia/commons/thumb/d/dc/%E6%88%B8%E9%9A%A0%E5%B1%B1%E3%81%8B%E3%82%89%E8%A6%8B%E3%81%9F%E9%AB%98%E5%A6%BB%E5%B1%B1.jpg/800px-%E6%88%B8%E9%9A%A0%E5%B1%B1%E3%81%8B%E3%82%89%E8%A6%8B%E3%81%9F%E9%AB%98%E5%A6%BB%E5%B1%B1.jpg
草津白根山,https://upload.wikimedia.org/wikipedia/commons/thumb/8/81/Kusatsu-Shiranesan03s5s4272.jpg/800px-Kusatsu-Shiranesan03s5s4272.jpg
四阿山,https://upload.wikimedia.org/wikipedia/commons/thumb/6/62/Mount_Azumaya_2013-04-28_%283%29.jpg/800px-Mount_Azumaya_2013-04-28_%283%29.jpg
浅間山,https://upload.wikimedia.org/wikipedia/commons/thumb/5/58/Mt.Asama_06.jpg/800px-Mt.Asama_06.jpg
両神山,https://upload.wikimedia.org/wikipedia/ja/thumb/d/d1/Ryogami.JPG/800px-Ryogami.JPG
甲武信岳,https://upload.wikimedia.org/wikipedia/commons/thumb/b/bb/Mt.Kobushigatake_from_Mt.Tokusa_03.jpg/800px-Mt.Kobushigatake_from_Mt.Tokusa_03.jpg
金峰山,https://upload.wikimedia.org/wikipedia/commons/thumb/e/ee/Mt.Kimpu_from_Mt.Kitaokusenjodake_03.jpg/800px-Mt.Kimpu_from_Mt.Kitaokusenjodake_03.jpg
瑞牆山,https://upload.wikimedia.org/wikipedia/commons/thumb/2/2d/Mount_Mizugaki_%2828083906050%29.jpg/800px-Mount_Mizugaki_%2828083906050%29.jpg
雲取山,https://upload.wikimedia.org/wikipedia/commons/thumb/6/6e/Kumotori-nanatsuishi.JPG/800px-Kumotori-nanatsuishi.JPG
大菩薩嶺,https://upload.wikimedia.org/wikipedia/commons/thumb/1/18/Mt.Daibosatsurei_from_Mt.Kasatori_03.jpg/800px-Mt.Daibosatsurei_from_Mt.Kasatori_03.jpg
丹沢,https://upload.wikimedia.org/wikipedia/commons/thumb/0/0d/Tanzawa_Mountains_from_Mt.Bukka_01.jpg/800px-Tanzawa_Mountains_from_Mt.Bukka_01.jpg
富士山,https://upload.wikimedia.org/wikipedia/commons/thumb/d/d5/FujiSunriseKawaguchiko2025WP.jpg/800px-FujiSunriseKawaguchiko2025WP.jpg
天城山,https://upload.wikimedia.org/wikipedia/commons/thumb/3/33/Mount_Amagi_20120610.jpg/800px-Mount_Amagi_20120610.jpg
白馬岳,https://upload.wikimedia.org/wikipedia/commons/thumb/0/0e/Shiroumadake_from_Shiroumayari_1999-10-10.jpg/800px-Shiroumadake_from_Shiroumayari_1999-10-10.jpg
五竜岳,https://upload.wikimedia.org/wikipedia/commons/thumb/7/7a/Goryudake_from_Karamatsudake_spring_1996-5-4.jpg/800px-Goryudake_from_Karamatsudake_spring_1996-5-4.jpg
鹿島槍ヶ岳,https://upload.wikimedia.org/wikipedia/commons/thumb/7/7c/Mount_Kashimayari_from_Mount_Jii_summer.jpg/800px-Mount_Kashimayari_from_Mount_Jii_summer.jpg
剱岳,https://upload.wikimedia.org/wikipedia/commons/thumb/d/db/Tsurugidake_from_bessan_22_1995_8_20.jpg/800px-Tsurugidake_from_bessan_22_1995_8_20.jpg
立山,https://upload.wikimedia.org/wikipedia/commons/thumb/c/cf/Mount_Tate_viewed_from_Midorigaike.jpg/800px-Mount_Tate_viewed_from_Midorigaike.jpg
薬師岳,https://upload.wikimedia.org/wikipedia/commons/thumb/f/fa/Yakushidake_from_Jiidake_2004-8-14.JPG/800px-Yakushidake_from_Jiidake_2004-8-14.JPG
黒部五郎岳,https://upload.wikimedia.org/wikipedia/commons/thumb/5/55/Mount_Kurobegoro_from_Mount_Kasa_2002-08-29.jpg/800px-Mount_Kurobegoro_from_Mount_Kasa_2002-08-29.jpg
水晶岳,https://commons.wikimedia.org/wiki/File:%E6%B0%B4%E6%99%B6%E5%B2%B3%E3%81%8B%E3%82%89%E3%81%AE%E8%B5%A4%E7%89%9B%E5%B2%B3.jpg
鷲羽岳,https://upload.wikimedia.org/wikipedia/commons/thumb/b/b0/View_from_Mount_Mitsumatarenge_panoramic_3.jpg/800px-View_from_Mount_Mitsumatarenge_panoramic_3.jpg
槍ヶ岳,https://upload.wikimedia.org/wikipedia/commons/thumb/8/8e/Mt.Yarigatake_from_Enzansou.jpg/800px-Mt.Yarigatake_from_Enzansou.jpg
穂高岳,https://upload.wikimedia.org/wikipedia/commons/thumb/7/72/Mt.Hotaka_from_Mt.Otenshodake_01.jpg/800px-Mt.Hotaka_from_Mt.Otenshodake_01.jpg
常念岳,https://upload.wikimedia.org/wikipedia/commons/thumb/d/dd/Mount_Jonen_from_Mount_Akaiwa_2003-9-14.jpg/800px-Mount_Jonen_from_Mount_Akaiwa_2003-9-14.jpg
笠ヶ岳,https://upload.wikimedia.org/wikipedia/commons/thumb/e/e8/Kasagatake_Takayama02s3872.jpg/800px-Kasagatake_Takayama02s3872.jpg
焼岳,https://upload.wikimedia.org/wikipedia/commons/thumb/b/bd/Mount_Norikura_and_Mount_Yari_from_Mount_Hotaka_2002-8-31.jpg/800px-Mount_Norikura_and_Mount_Yari_from_Mount_Hotaka_2002-8-31.jpg
乗鞍岳,https://upload.wikimedia.org/wikipedia/commons/thumb/5/5d/Mount_Asahi_of_Mount_Norikura_from_Mount_Marishiten.jpg/800px-Mount_Asahi_of_Mount_Norikura_from_Mount_Marishiten.jpg
美ヶ原,https://upload.wikimedia.org/wikipedia/commons/thumb/8/84/Ushibuseyama_observatory.jpg/800px-Ushibuseyama_observatory.jpg
霧ヶ峰,https://upload.wikimedia.org/wikipedia/commons/thumb/2/27/Kurumayama_Kogen01bs5s4592.jpg/800px-Kurumayama_Kogen01bs5s4592.jpg
蓼科山,https://upload.wikimedia.org/wikipedia/commons/thumb/8/83/Tateshinayama-fuyu.JPG/800px-Tateshinayama-fuyu.JPG
八ヶ岳,https://upload.wikimedia.org/wikipedia/commons/thumb/e/ef/Mt.Akadake_and_Mt.Amidadake_from_Mt.Gongendake_01.jpg/800px-Mt.Akadake_and_Mt.Amidadake_from_Mt.Gongendake_01.jpg
御嶽山,https://upload.wikimedia.org/wikipedia/commons/thumb/6/62/Mount_Ontake_from_Mount_Norikura.jpg/800px-Mount_Ontake_from_Mount_Norikura.jpg
木曽駒ヶ岳,https://upload.wikimedia.org/wikipedia/commons/thumb/f/f1/Mt.Kisokomagatake_from_Mt.Utsugidake_01.jpg/800px-Mt.Kisokomagatake_from_Mt.Utsugidake_01.jpg
空木岳,https://upload.wikimedia.org/wikipedia/commons/thumb/a/a4/Mt.Utsugidake_12.jpg/800px-Mt.Utsugidake_12.jpg
恵那山,https://upload.wikimedia.org/wikipedia/commons/thumb/e/e4/Mount_Ena.jpg/800px-Mount_Ena.jpg
甲斐駒ヶ岳,https://upload.wikimedia.org/wikipedia/commons/thumb/d/df/MtKaikoma_kitadake.JPG/800px-MtKaikoma_kitadake.JPG
仙丈ヶ岳,https://haijisite.files.wordpress.com/2018/10/img_7148.jpg
鳳凰山,https://haijisite.files.wordpress.com/2018/09/img_6787-pano.jpg
北岳,https://upload.wikimedia.org/wikipedia/commons/thumb/a/a5/Mount_Kita_from_Mount_Nakashirane_2001-10-03.JPG/800px-Mount_Kita_from_Mount_Nakashirane_2001-10-03.JPG
間ノ岳,https://upload.wikimedia.org/wikipedia/commons/thumb/f/fd/Mount_Aino_fom_Mount_Kita_2001-7-2.jpg/800px-Mount_Aino_fom_Mount_Kita_2001-7-2.jpg
塩見岳,https://upload.wikimedia.org/wikipedia/commons/thumb/9/9a/Mount_Koumori_from_Mount_Shiomi_1997-07-14.jpg/800px-Mount_Koumori_from_Mount_Shiomi_1997-07-14.jpg
悪沢岳,https://upload.wikimedia.org/wikipedia/commons/thumb/3/31/13_Arakawadake_from_Shiomidake_2000-7-9.jpg/800px-13_Arakawadake_from_Shiomidake_2000-7-9.jpg
赤石岳,https://upload.wikimedia.org/wikipedia/commons/thumb/8/8e/Akaishidake_from_senmaidake_07_1994_7_31.jpg/800px-Akaishidake_from_senmaidake_07_1994_7_31.jpg
聖岳,https://upload.wikimedia.org/wikipedia/commons/thumb/6/6f/Mount_Hijiri_from_Mount_Minami_2002-09-18.jpg/800px-Mount_Hijiri_from_Mount_Minami_2002-09-18.jpg
光岳,https://upload.wikimedia.org/wikipedia/commons/thumb/b/b9/Mount_Chausu_and_Mount_Tekari_from_Mount_Hijiri_2003-11-23.jpg/800px-Mount_Chausu_and_Mount_Tekari_from_Mount_Hijiri_2003-11-23.jpg
白山,https://upload.wikimedia.org/wikipedia/commons/thumb/e/eb/Mount_Haku_from_Onanjimine_2011-07-17.jpg/800px-Mount_Haku_from_Onanjimine_2011-07-17.jpg
荒島岳,https://upload.wikimedia.org/wikipedia/commons/thumb/f/f3/Arashimadake_from_Ohno_2002-6-10.jpg/800px-Arashimadake_from_Ohno_2002-6-10.jpg
伊吹山,https://upload.wikimedia.org/wikipedia/commons/thumb/a/ac/Mount_Ibuki_from_Mount_Ikeda.jpg/800px-Mount_Ibuki_from_Mount_Ikeda.jpg
大台ヶ原山,https://upload.wikimedia.org/wikipedia/commons/thumb/8/81/Odaigahara_Masakigahara.jpg/800px-Odaigahara_Masakigahara.jpg
大峰山,https://upload.wikimedia.org/wikipedia/commons/thumb/9/98/Mount_Sanjo_in_the_rainy_season.jpg/800px-Mount_Sanjo_in_the_rainy_season.jpg
大山,https://upload.wikimedia.org/wikipedia/commons/thumb/5/5a/Mt_Daisen_Full_View.jpg/799px-Mt_Daisen_Full_View.jpg
剣山,https://upload.wikimedia.org/wikipedia/commons/thumb/2/29/Mt.Tsurugisan.jpg/800px-Mt.Tsurugisan.jpg
石鎚山,https://upload.wikimedia.org/wikipedia/commons/thumb/2/22/Isiduti08.jpg/798px-Isiduti08.jpg
九重山,https://upload.wikimedia.org/wikipedia/commons/thumb/d/d9/Makinoto_Pass_-_01.jpg/800px-Makinoto_Pass_-_01.jpg
祖母山,https://upload.wikimedia.org/wikipedia/commons/thumb/f/f8/Mt.Sobo.jpg/800px-Mt.Sobo.jpg
阿蘇山,https://upload.wikimedia.org/wikipedia/commons/thumb/b/b2/Mt.Aso_and_caldera01.jpg/800px-Mt.Aso_and_caldera01.jpg
霧島山,https://upload.wikimedia.org/wikipedia/commons/thumb/6/6d/Kirishima_Takachihonomine_2.jpg/800px-Kirishima_Takachihonomine_2.jpg
開聞岳,https://upload.wikimedia.org/wikipedia/commons/thumb/b/b1/Kaimondake_2005_3_19.jpg/800px-Kaimondake_2005_3_19.jpg
宮之浦岳,https://upload.wikimedia.org/wikipedia/commons/8/80/Mount_Miyanoura_20071113_%28B%29_-_Flickr.jpg